# crate|observed version|source|install path
bat|0.26.1|crates.io|nix
bindgen|0.60.1|crates.io|cargo
bottom|0.14.6|crates.io|nix
broot|1.58.0|crates.io|nix
cargo-chef|0.1.77|crates.io|cargo
cargo-dist|0.28.5|https://github.com/astral-sh/cargo-dist#67249b50|cargo
cargo-edit|0.13.13|crates.io|cargo
cargo-expand|1.0.124|crates.io|cargo
cargo-generate|0.23.14|crates.io|cargo
cargo-leptos|0.3.7|crates.io|cargo
cargo-license|0.7.0|crates.io|cargo
cargo-make|0.37.24|crates.io|cargo
cargo-prefetch|0.1.0|crates.io|cargo
cargo-update|22.1.0|crates.io|cargo
cbindgen|0.29.4|crates.io|nix
cocogitto|7.0.0|crates.io|cargo
cocomo|0.11.5|crates.io|cargo
dioxus-cli|0.7.3|crates.io|cargo
du-dust|1.2.4|crates.io|cargo
dua-cli|2.38.1|crates.io|cargo
exa|0.10.1|crates.io|cargo
fd-find|10.4.2|crates.io|nix
flamegraph|0.6.13|crates.io|cargo
git-cliff|2.13.1|crates.io|nix
git-delta|0.19.2|crates.io|nix
git-journal|1.8.1|crates.io|cargo
grex|1.4.6|crates.io|cargo
hyperfine|1.20.0|crates.io|nix
jless|0.9.0|crates.io|cargo
just|1.57.0|crates.io|nix
libninja|0.2.0|https://github.com/kurtbuilds/libninja#6e947019|cargo
loco-cli|0.13.0|crates.io|cargo
lsd|1.2.0|crates.io|nix
mdbook|0.5.4|crates.io|nix
mdbook-linkcheck|0.7.7|crates.io|cargo
mdbook-mermaid|0.17.0|crates.io|cargo
paperclip|0.9.7|crates.io|cargo
ripgrep|15.2.0|crates.io|nix
rusty-script|0.1.0|/Users/thomasharmon/code/rusty-script/crates/rusty-script-cli|local
sccache|0.16.0|crates.io|nix
sqlx-cli|0.9.0|crates.io|cargo
tokei|14.0.0|crates.io|nix
tree-sitter-cli|0.26.11|crates.io|cargo
tree-sitter-stack-graphs|0.10.0|crates.io|cargo
tree-sitter-stack-graphs-typescript|0.4.0|crates.io|cargo
worker-build|0.8.5|crates.io|cargo
wthrr|1.2.1|crates.io|cargo
xh|0.26.1|crates.io|nix
xsv|0.13.0|crates.io|nix
zeitgrep|0.8.0|crates.io|cargo
zellij|0.44.3|crates.io|nix
zoxide|0.10.0|crates.io|nix
